{"timing/dataloading_time": 49.131762981414795, "_timestamp": 1750596848.266567, "_runtime": 62.76064109802246, "_step": 0, "_wandb": {"runtime": 93}}