{"timing/dataloading_time": 31.459784030914307, "_timestamp": 1750597602.443444, "_runtime": 41.93219709396362, "_step": 0, "_wandb": {"runtime": 62}}